A,mon at 10 to 11
B,mon at 10 to 11
C,mon at 10 to 11
A,mon at 12 to 14
B,mon at 12 to 14
C,mon at 12 to 14
A,mon at 14 to 15
A,mon at 16 to 18
C,mon at 16 to 18
A,tue at 9 to 11
C,tue at 9 to 11
A,tue at 11 to 13
C,tue at 11 to 13
B,tue at 12 to 13
B,tue at 14 to 16
B,tue at 16 to 18
C,wen at 9 to 10
A,wen at 10 to 11
B,wen at 10 to 11
C,wen at 10 to 11
C,wen at 13 to 14
A,wen at 14 to 15
B,wen at 14 to 15
C,wen at 14 to 15
A,wen at 15 to 16
B,wen at 15 to 16
C,wen at 15 to 16
A,wen at 16 to 17
B,wen at 16 to 17
C,wen at 16 to 17
B,thu at 9 to 11
C,thu at 11 to 13
A,thu at 14 to 16
B,fri at 9 to 11
A,fri at 11 to 12
B,fri at 11 to 12
C,fri at 11 to 12