G0994,mon at 10 to 11
G0223,mon at 12 to 14
Prefab 05,mon at 14 to 15
G0481,mon at 16 to 18
G0436,mon at 16 to 18
G0481,tue at 9 to 11
G0436,tue at 9 to 11
G0470,tue at 11 to 13
G0483,tue at 11 to 13
G0379,tue at 12 to 13
G0436,tue at 14 to 16
G0436,tue at 16 to 18
G0162,wen at 9 to 10
G0938,wen at 10 to 11
G0997,wen at 13 to 14
G0994,wen at 14 to 15
G0939,wen at 15 to 16
G0995,wen at 16 to 17
Prefab 18,thu at 9 to 11
Prefab 18,thu at 11 to 13
G0436,thu at 14 to 16
G0482,fri at 9 to 11
G0208,fri at 11 to 12